protein_variant,am_pathogenicity,am_class
M1A,0.5318,Amb
M1C,0.3227,LBen
M1D,0.9173,LPath
M1E,0.7301,LPath
M1F,0.2422,LBen
M1G,0.6937,LPath
M1H,0.7996,LPath
M1I,0.3475,Amb
M1K,0.6957,LPath
M1L,0.1838,LBen
M1N,0.7336,LPath
M1P,0.8167,LPath
M1Q,0.4626,Amb
M1R,0.5932,LPath
M1S,0.5762,LPath
M1T,0.5395,Amb
M1V,0.0784,LBen
M1W,0.6066,LPath
M1Y,0.6457,LPath
W2A,0.6093,LPath
W2C,0.8393,LPath
W2D,0.8627,LPath
W2E,0.8113,LPath
W2F,0.2512,LBen
W2G,0.4243,Amb
W2H,0.8868,LPath
W2I,0.6621,LPath
W2K,0.925,LPath
W2L,0.491,Amb
W2M,0.6897,LPath
W2N,0.8728,LPath
W2P,0.8588,LPath
W2Q,0.9176,LPath
W2R,0.9196,LPath
W2S,0.6622,LPath
W2T,0.5947,LPath
W2V,0.5792,LPath
W2Y,0.5152,Amb
M3A,0.5199,Amb
M3C,0.7407,LPath
M3D,0.83,LPath
M3E,0.5052,Amb
M3F,0.3189,LBen
M3G,0.6361,LPath
M3H,0.7279,LPath
M3I,0.3971,Amb
M3K,0.3537,Amb
M3L,0.22,LBen
M3N,0.6003,LPath
M3P,0.8066,LPath
M3Q,0.411,Amb
M3R,0.3636,Amb
M3S,0.588,LPath
M3T,0.3986,Amb
M3V,0.153,LBen
M3W,0.6298,LPath
M3Y,0.6356,LPath
G4A,0.3845,Amb
G4C,0.6595,LPath
G4D,0.6525,LPath
G4E,0.675,LPath
G4F,0.8366,LPath
G4H,0.9242,LPath
G4I,0.7175,LPath
G4K,0.9162,LPath
G4L,0.8074,LPath
G4M,0.8811,LPath
G4N,0.8415,LPath
G4P,0.913,LPath
G4Q,0.8963,LPath
G4R,0.8642,LPath
G4S,0.4877,Amb
G4T,0.6664,LPath
G4V,0.5592,Amb
G4W,0.8011,LPath
G4Y,0.8117,LPath
L5A,0.6632,LPath
L5C,0.8112,LPath
L5D,0.9043,LPath
L5E,0.7825,LPath
L5F,0.3618,Amb
L5G,0.8044,LPath
L5H,0.8064,LPath
L5I,0.2194,LBen
L5K,0.7013,LPath
L5M,0.2818,LBen
L5N,0.8221,LPath
L5P,0.8023,LPath
L5Q,0.6941,LPath
L5R,0.6207,LPath
L5S,0.8415,LPath
L5T,0.6923,LPath
L5V,0.2559,LBen
L5W,0.6053,LPath
L5Y,0.7625,LPath
I6A,0.8099,LPath
I6C,0.8226,LPath
I6D,0.9401,LPath
I6E,0.844,LPath
I6F,0.3567,Amb
I6G,0.902,LPath
I6H,0.8139,LPath
I6K,0.7185,LPath
I6L,0.2611,LBen
I6M,0.2985,LBen
I6N,0.7051,LPath
I6P,0.8974,LPath
I6Q,0.7408,LPath
I6R,0.6121,LPath
I6S,0.6967,LPath
I6T,0.736,LPath
I6V,0.2818,LBen
I6W,0.8322,LPath
I6Y,0.6862,LPath
Q7A,0.4221,Amb
Q7C,0.8561,LPath
Q7D,0.6899,LPath
Q7E,0.1733,LBen
Q7F,0.8232,LPath
Q7G,0.5412,Amb
Q7H,0.5948,LPath
Q7I,0.6651,LPath
Q7K,0.3741,Amb
Q7L,0.3659,Amb
Q7M,0.6097,LPath
Q7N,0.5814,LPath
Q7P,0.4564,Amb
Q7R,0.331,LBen
Q7S,0.4274,Amb
Q7T,0.4382,Amb
Q7V,0.5204,Amb
Q7W,0.8171,LPath
Q7Y,0.7758,LPath
L8A,0.2604,LBen
L8C,0.6504,LPath
L8D,0.7137,LPath
L8E,0.4363,Amb
L8F,0.2997,LBen
L8G,0.5046,Amb
L8H,0.4912,Amb
L8I,0.1789,LBen
L8K,0.4339,Amb
L8M,0.1687,LBen
L8N,0.5155,Amb
L8P,0.6,LPath
L8Q,0.3425,Amb
L8R,0.3769,Amb
L8S,0.3346,LBen
L8T,0.2597,LBen
L8V,0.1553,LBen
L8W,0.4007,Amb
L8Y,0.556,Amb
V9A,0.4002,Amb
V9C,0.8469,LPath
V9D,0.7985,LPath
V9E,0.5932,LPath
V9F,0.4641,Amb
V9G,0.4056,Amb
V9H,0.8968,LPath
V9I,0.2181,LBen
V9K,0.699,LPath
V9L,0.5488,Amb
V9M,0.5669,LPath
V9N,0.8262,LPath
V9P,0.8201,LPath
V9Q,0.6792,LPath
V9R,0.5487,Amb
V9S,0.5914,LPath
V9T,0.4462,Amb
V9W,0.8956,LPath
V9Y,0.8439,LPath
E10A,0.2088,LBen
E10C,0.8299,LPath
E10D,0.3152,LBen
E10F,0.8245,LPath
E10G,0.1098,LBen
E10H,0.6923,LPath
E10I,0.7115,LPath
E10K,0.3,LBen
E10L,0.6342,LPath
E10M,0.6977,LPath
E10N,0.5574,Amb
E10P,0.7136,LPath
E10Q,0.2393,LBen
E10R,0.3568,Amb
E10S,0.3148,LBen
E10T,0.4165,Amb
E10V,0.4745,Amb
E10W,0.8743,LPath
E10Y,0.7568,LPath
G11A,0.312,LBen
G11C,0.6229,LPath
G11D,0.4,Amb
G11E,0.4495,Amb
G11F,0.8365,LPath
G11H,0.8594,LPath
G11I,0.6474,LPath
G11K,0.7873,LPath
G11L,0.8208,LPath
G11M,0.8117,LPath
G11N,0.6486,LPath
G11P,0.9357,LPath
G11Q,0.7941,LPath
G11R,0.7004,LPath
G11S,0.3506,Amb
G11T,0.4615,Amb
G11V,0.4445,Amb
G11W,0.7433,LPath
G11Y,0.7458,LPath
V12A,0.4114,Amb
V12C,0.7232,LPath
V12D,0.4988,Amb
V12E,0.3402,Amb
V12F,0.2386,LBen
V12G,0.2671,LBen
V12H,0.7568,LPath
V12I,0.1336,LBen
V12K,0.4131,Amb
V12L,0.3531,Amb
V12M,0.3184,LBen
V12N,0.5191,Amb
V12P,0.7331,LPath
V12Q,0.4233,Amb
V12R,0.3308,LBen
V12S,0.4994,Amb
V12T,0.4607,Amb
V12W,0.7689,LPath
V12Y,0.6186,LPath
K13A,0.645,LPath
K13C,0.867,LPath
K13D,0.768,LPath
K13E,0.2933,LBen
K13F,0.8949,LPath
K13G,0.6325,LPath
K13H,0.6169,LPath
K13I,0.6037,LPath
K13L,0.5985,LPath
K13M,0.5009,Amb
K13N,0.6414,LPath
K13P,0.7265,LPath
K13Q,0.2575,LBen
K13R,0.1178,LBen
K13S,0.669,LPath
K13T,0.3966,Amb
K13V,0.6017,LPath
K13W,0.8948,LPath
K13Y,0.8255,LPath
R14A,0.399,Amb
R14C,0.3449,Amb
R14D,0.5848,LPath
R14E,0.2308,LBen
R14F,0.6699,LPath
R14G,0.1913,LBen
R14H,0.2498,LBen
R14I,0.2981,LBen
R14K,0.1557,LBen
R14L,0.2921,LBen
R14M,0.33,LBen
R14N,0.6067,LPath
R14P,0.3822,Amb
R14Q,0.1395,LBen
R14S,0.5094,Amb
R14T,0.2876,LBen
R14V,0.3732,Amb
R14W,0.2451,LBen
R14Y,0.5581,Amb
K15A,0.3921,Amb
K15C,0.8225,LPath
K15D,0.4401,Amb
K15E,0.1516,LBen
K15F,0.8201,LPath
K15G,0.381,Amb
K15H,0.4402,Amb
K15I,0.4602,Amb
K15L,0.4908,Amb
K15M,0.3234,LBen
K15N,0.2782,LBen
K15P,0.551,Amb
K15Q,0.198,LBen
K15R,0.1017,LBen
K15S,0.4024,Amb
K15T,0.2017,LBen
K15V,0.4326,Amb
K15W,0.7975,LPath
K15Y,0.6742,LPath
D16A,0.2136,LBen
D16C,0.5074,Amb
D16E,0.1952,LBen
D16F,0.5194,Amb
D16G,0.1092,LBen
D16H,0.1783,LBen
D16I,0.3962,Amb
D16K,0.3259,LBen
D16L,0.4176,Amb
D16M,0.7139,LPath
D16N,0.1255,LBen
D16P,0.4194,Amb
D16Q,0.3094,LBen
D16R,0.2931,LBen
D16S,0.1626,LBen
D16T,0.2926,LBen
D16V,0.2374,LBen
D16W,0.7154,LPath
D16Y,0.1623,LBen
Q17A,0.2178,LBen
Q17C,0.7379,LPath
Q17D,0.3446,Amb
Q17E,0.0764,LBen
Q17F,0.7511,LPath
Q17G,0.2675,LBen
Q17H,0.3473,Amb
Q17I,0.4258,Amb
Q17K,0.1163,LBen
Q17L,0.2185,LBen
Q17M,0.4388,Amb
Q17N,0.3757,Amb
Q17P,0.1718,LBen
Q17R,0.1173,LBen
Q17S,0.2946,LBen
Q17T,0.2019,LBen
Q17V,0.2901,LBen
Q17W,0.5734,LPath
Q17Y,0.6073,LPath
G18A,0.0987,LBen
G18C,0.1637,LBen
G18D,0.1624,LBen
G18E,0.1801,LBen
G18F,0.3747,Amb
G18H,0.3242,LBen
G18I,0.1459,LBen
G18K,0.3797,Amb
G18L,0.2994,LBen
G18M,0.3949,Amb
G18N,0.2809,LBen
G18P,0.4896,Amb
G18Q,0.3199,LBen
G18R,0.2405,LBen
G18S,0.1163,LBen
G18T,0.1559,LBen
G18V,0.0918,LBen
G18W,0.3068,LBen
G18Y,0.2758,LBen
F19A,0.7471,LPath
F19C,0.5517,Amb
F19D,0.7841,LPath
F19E,0.8454,LPath
F19G,0.8487,LPath
F19H,0.7371,LPath
F19I,0.2849,LBen
F19K,0.8631,LPath
F19L,0.872,LPath
F19M,0.6998,LPath
F19N,0.7164,LPath
F19P,0.9457,LPath
F19Q,0.8568,LPath
F19R,0.7721,LPath
F19S,0.6552,LPath
F19T,0.7378,LPath
F19V,0.3514,Amb
F19W,0.6057,LPath
F19Y,0.2367,LBen
L20A,0.2123,LBen
L20C,0.4562,Amb
L20D,0.5226,Amb
L20E,0.1776,LBen
L20F,0.1767,LBen
L20G,0.3842,Amb
L20H,0.1942,LBen
L20I,0.1309,LBen
L20K,0.1362,LBen
L20M,0.1685,LBen
L20N,0.4306,Amb
L20P,0.238,LBen
L20Q,0.0786,LBen
L20R,0.0734,LBen
L20S,0.2393,LBen
L20T,0.1814,LBen
L20V,0.1178,LBen
L20W,0.131,LBen
L20Y,0.3747,Amb
E21A,0.5329,Amb
E21C,0.9513,LPath
E21D,0.6695,LPath
E21F,0.9481,LPath
E21G,0.4261,Amb
E21H,0.8789,LPath
E21I,0.8472,LPath
E21K,0.5375,Amb
E21L,0.8087,LPath
E21M,0.8572,LPath
E21N,0.8648,LPath
E21P,0.8686,LPath
E21Q,0.3435,Amb
E21R,0.5784,LPath
E21S,0.7141,LPath
E21T,0.7686,LPath
E21V,0.6754,LPath
E21W,0.9552,LPath
E21Y,0.9025,LPath
K22A,0.5868,LPath
K22C,0.9345,LPath
K22D,0.6912,LPath
K22E,0.2216,LBen
K22F,0.936,LPath
K22G,0.6355,LPath
K22H,0.7209,LPath
K22I,0.6501,LPath
K22L,0.6343,LPath
K22M,0.4044,Amb
K22N,0.5787,LPath
K22P,0.8677,LPath
K22Q,0.3167,LBen
K22R,0.1404,LBen
K22S,0.7168,LPath
K22T,0.3435,Amb
K22V,0.5936,LPath
K22W,0.8928,LPath
K22Y,0.8271,LPath
E23A,0.3032,LBen
E23C,0.9156,LPath
E23D,0.3504,Amb
E23F,0.8676,LPath
E23G,0.4014,Amb
E23H,0.7708,LPath
E23I,0.6082,LPath
E23K,0.4895,Amb
E23L,0.7356,LPath
E23M,0.7265,LPath
E23N,0.5973,LPath
E23P,0.842,LPath
E23Q,0.3441,Amb
E23R,0.5505,Amb
E23S,0.5014,Amb
E23T,0.485,Amb
E23V,0.4108,Amb
E23W,0.9287,LPath
E23Y,0.7326,LPath
F24A,0.795,LPath
F24C,0.6135,LPath
F24D,0.8618,LPath
F24E,0.89,LPath
F24G,0.8881,LPath
F24H,0.8397,LPath
F24I,0.2526,LBen
F24K,0.9084,LPath
F24L,0.9063,LPath
F24M,0.6931,LPath
F24N,0.7941,LPath
F24P,0.984,LPath
F24Q,0.9191,LPath
F24R,0.8382,LPath
F24S,0.7859,LPath
F24T,0.7721,LPath
F24V,0.3462,Amb
F24W,0.5777,LPath
F24Y,0.2312,LBen
Y25A,0.33,LBen
Y25C,0.1175,LBen
Y25D,0.2686,LBen
Y25E,0.5589,Amb
Y25F,0.14,LBen
Y25G,0.3203,LBen
Y25H,0.1922,LBen
Y25I,0.4042,Amb
Y25K,0.5906,LPath
Y25L,0.3569,Amb
Y25M,0.614,LPath
Y25N,0.21,LBen
Y25P,0.5456,Amb
Y25Q,0.4555,Amb
Y25R,0.3635,Amb
Y25S,0.0925,LBen
Y25T,0.287,LBen
Y25V,0.3636,Amb
Y25W,0.339,LBen
H26A,0.4992,Amb
H26C,0.2712,LBen
H26D,0.3048,LBen
H26E,0.3572,Amb
H26F,0.544,Amb
H26G,0.4343,Amb
H26I,0.5927,LPath
H26K,0.3884,Amb
H26L,0.2294,LBen
H26M,0.7348,LPath
H26N,0.2227,LBen
H26P,0.2987,LBen
H26Q,0.2743,LBen
H26R,0.1476,LBen
H26S,0.3933,Amb
H26T,0.5107,Amb
H26V,0.508,Amb
H26W,0.4154,Amb
H26Y,0.1782,LBen
K27A,0.5078,Amb
K27C,0.8486,LPath
K27D,0.5549,Amb
K27E,0.1997,LBen
K27F,0.8767,LPath
K27G,0.5642,LPath
K27H,0.4826,Amb
K27I,0.5515,Amb
K27L,0.5369,Amb
K27M,0.3941,Amb
K27N,0.4879,Amb
K27P,0.7412,LPath
K27Q,0.2161,LBen
K27R,0.1204,LBen
K27S,0.5663,LPath
K27T,0.2771,LBen
K27V,0.5462,Amb
K27W,0.8803,LPath
K27Y,0.7465,LPath
T28A,0.2057,LBen
T28C,0.6403,LPath
T28D,0.5932,LPath
T28E,0.4779,Amb
T28F,0.6543,LPath
T28G,0.4389,Amb
T28H,0.5067,Amb
T28I,0.6381,LPath
T28K,0.3986,Amb
T28L,0.4389,Amb
T28M,0.2451,LBen
T28N,0.2681,LBen
T28P,0.4398,Amb
T28Q,0.4474,Amb
T28R,0.3268,LBen
T28S,0.2999,LBen
T28V,0.5238,Amb
T28W,0.768,LPath
T28Y,0.5407,Amb
N29A,0.3436,Amb
N29C,0.4056,Amb
N29D,0.1814,LBen
N29E,0.5627,Amb
N29F,0.7828,LPath
N29G,0.338,LBen
N29H,0.1997,LBen
N29I,0.4886,Amb
N29K,0.492,Amb
N29L,0.5119,Amb
N29M,0.5935,LPath
N29P,0.6398,LPath
N29Q,0.5513,Amb
N29R,0.488,Amb
N29S,0.1003,LBen
N29T,0.2267,LBen
N29V,0.462,Amb
N29W,0.8407,LPath
N29Y,0.3198,LBen
I30A,0.7514,LPath
I30C,0.8224,LPath
I30D,0.8605,LPath
I30E,0.7202,LPath
I30F,0.2695,LBen
I30G,0.8838,LPath
I30H,0.7234,LPath
I30K,0.5307,Amb
I30L,0.2424,LBen
I30M,0.1348,LBen
I30N,0.5626,Amb
I30P,0.9132,LPath
I30Q,0.5961,LPath
I30R,0.4478,Amb
I30S,0.6367,LPath
I30T,0.5879,LPath
I30V,0.183,LBen
I30W,0.7187,LPath
I30Y,0.5973,LPath
K31A,0.3624,Amb
K31C,0.7212,LPath
K31D,0.6926,LPath
K31E,0.2219,LBen
K31F,0.6547,LPath
K31G,0.6489,LPath
K31H,0.4318,Amb
K31I,0.0913,LBen
K31L,0.246,LBen
K31M,0.149,LBen
K31N,0.4997,Amb
K31P,0.6943,LPath
K31Q,0.187,LBen
K31R,0.1103,LBen
K31S,0.4945,Amb
K31T,0.1483,LBen
K31V,0.1691,LBen
K31W,0.7796,LPath
K31Y,0.629,LPath
M32A,0.8472,LPath
M32C,0.9254,LPath
M32D,0.9636,LPath
M32E,0.824,LPath
M32F,0.5802,LPath
M32G,0.9124,LPath
M32H,0.8925,LPath
M32I,0.5756,LPath
M32K,0.6004,LPath
M32L,0.2416,LBen
M32N,0.8842,LPath
M32P,0.9361,LPath
M32Q,0.6435,LPath
M32R,0.6458,LPath
M32S,0.8989,LPath
M32T,0.7757,LPath
M32V,0.2584,LBen
M32W,0.8294,LPath
M32Y,0.8231,LPath
R33A,0.1964,LBen
R33C,0.1463,LBen
R33D,0.339,LBen
R33E,0.2307,LBen
R33F,0.2931,LBen
R33G,0.1286,LBen
R33H,0.1079,LBen
R33I,0.1801,LBen
R33K,0.1433,LBen
R33L,0.0986,LBen
R33M,0.1708,LBen
R33N,0.2702,LBen
R33P,0.269,LBen
R33Q,0.1086,LBen
R33S,0.1445,LBen
R33T,0.1198,LBen
R33V,0.2264,LBen
R33W,0.0933,LBen
R33Y,0.2284,LBen
C34A,0.493,Amb
C34D,0.6003,LPath
C34E,0.6427,LPath
C34F,0.4219,Amb
C34G,0.2362,LBen
C34H,0.598,LPath
C34I,0.7315,LPath
C34K,0.6858,LPath
C34L,0.5817,LPath
C34M,0.7491,LPath
C34N,0.5906,LPath
C34P,0.5641,LPath
C34Q,0.5727,LPath
C34R,0.2992,LBen
C34S,0.4248,Amb
C34T,0.5705,LPath
C34V,0.6012,LPath
C34W,0.4628,Amb
C34Y,0.405,Amb
E35A,0.5915,LPath
E35C,0.9587,LPath
E35D,0.5585,Amb
E35F,0.9607,LPath
E35G,0.6669,LPath
E35H,0.8671,LPath
E35I,0.8717,LPath
E35K,0.6036,LPath
E35L,0.9243,LPath
E35M,0.9196,LPath
E35N,0.8242,LPath
E35P,0.9058,LPath
E35Q,0.4692,Amb
E35R,0.6609,LPath
E35S,0.693,LPath
E35T,0.7803,LPath
E35V,0.7801,LPath
E35W,0.9745,LPath
E35Y,0.9117,LPath
F36A,0.9112,LPath
F36C,0.8603,LPath
F36D,0.9146,LPath
F36E,0.9369,LPath
F36G,0.9475,LPath
F36H,0.9137,LPath
F36I,0.5461,Amb
F36K,0.9601,LPath
F36L,0.9664,LPath
F36M,0.8294,LPath
F36N,0.8974,LPath
F36P,0.9934,LPath
F36Q,0.9598,LPath
F36R,0.937,LPath
F36S,0.8931,LPath
F36T,0.8983,LPath
F36V,0.5897,LPath
F36W,0.7736,LPath
F36Y,0.2964,LBen
L37A,0.4084,Amb
L37C,0.7247,LPath
L37D,0.8321,LPath
L37E,0.486,Amb
L37F,0.2991,LBen
L37G,0.7279,LPath
L37H,0.4907,Amb
L37I,0.2095,LBen
L37K,0.4771,Amb
L37M,0.2147,LBen
L37N,0.7218,LPath
L37P,0.5146,Amb
L37Q,0.3524,Amb
L37R,0.3475,Amb
L37S,0.5145,Amb
L37T,0.3341,LBen
L37V,0.1936,LBen
L37W,0.3925,Amb
L37Y,0.6132,LPath
A38C,0.6935,LPath
A38D,0.6412,LPath
A38E,0.6583,LPath
A38F,0.6724,LPath
A38G,0.3251,LBen
A38H,0.795,LPath
A38I,0.7755,LPath
A38K,0.8724,LPath
A38L,0.5235,Amb
A38M,0.7603,LPath
A38N,0.7003,LPath
A38P,0.5728,LPath
A38Q,0.7335,LPath
A38R,0.6925,LPath
A38S,0.191,LBen
A38T,0.3805,Amb
A38V,0.4658,Amb
A38W,0.9011,LPath
A38Y,0.7488,LPath
C39A,0.6975,LPath
C39D,0.9342,LPath
C39E,0.9615,LPath
C39F,0.5584,Amb
C39G,0.5257,Amb
C39H,0.9055,LPath
C39I,0.8153,LPath
C39K,0.9732,LPath
C39L,0.7118,LPath
C39M,0.8857,LPath
C39N,0.8991,LPath
C39P,0.9368,LPath
C39Q,0.9389,LPath
C39R,0.8397,LPath
C39S,0.6444,LPath
C39T,0.8012,LPath
C39V,0.7199,LPath
C39W,0.8291,LPath
C39Y,0.7442,LPath
W40A,0.6177,LPath
W40C,0.7946,LPath
W40D,0.8767,LPath
W40E,0.7422,LPath
W40F,0.2972,LBen
W40G,0.4511,Amb
W40H,0.715,LPath
W40I,0.649,LPath
W40K,0.8164,LPath
W40L,0.4036,Amb
W40M,0.7338,LPath
W40N,0.8614,LPath
W40P,0.9184,LPath
W40Q,0.7185,LPath
W40R,0.7371,LPath
W40S,0.4527,Amb
W40T,0.6312,LPath
W40V,0.5971,LPath
W40Y,0.4905,Amb
P41A,0.3645,Amb
P41C,0.872,LPath
P41D,0.7412,LPath
P41E,0.6199,LPath
P41F,0.911,LPath
P41G,0.7028,LPath
P41H,0.562,Amb
P41I,0.8526,LPath
P41K,0.7162,LPath
P41L,0.5109,Amb
P41M,0.8237,LPath
P41N,0.7949,LPath
P41Q,0.5355,Amb
P41R,0.4953,Amb
P41S,0.5283,Amb
P41T,0.4878,Amb
P41V,0.7178,LPath
P41W,0.9003,LPath
P41Y,0.8371,LPath
A42C,0.6791,LPath
A42D,0.6917,LPath
A42E,0.6828,LPath
A42F,0.6725,LPath
A42G,0.3313,LBen
A42H,0.8248,LPath
A42I,0.6497,LPath
A42K,0.8669,LPath
A42L,0.5064,Amb
A42M,0.6777,LPath
A42N,0.7049,LPath
A42P,0.5488,Amb
A42Q,0.7682,LPath
A42R,0.7134,LPath
A42S,0.1788,LBen
A42T,0.284,LBen
A42V,0.3468,Amb
A42W,0.927,LPath
A42Y,0.7789,LPath
F43A,0.7999,LPath
F43C,0.6266,LPath
F43D,0.925,LPath
F43E,0.9186,LPath
F43G,0.9016,LPath
F43H,0.8568,LPath
F43I,0.5209,Amb
F43K,0.9263,LPath
F43L,0.898,LPath
F43M,0.7141,LPath
F43N,0.8857,LPath
F43P,0.9834,LPath
F43Q,0.9167,LPath
F43R,0.8667,LPath
F43S,0.7583,LPath
F43T,0.8423,LPath
F43V,0.4814,Amb
F43W,0.6207,LPath
F43Y,0.3469,Amb
T44A,0.0963,LBen
T44C,0.5308,Amb
T44D,0.4161,Amb
T44E,0.3024,LBen
T44F,0.362,Amb
T44G,0.3241,LBen
T44H,0.3152,LBen
T44I,0.2885,LBen
T44K,0.2315,LBen
T44L,0.175,LBen
T44M,0.1426,LBen
T44N,0.2096,LBen
T44P,0.1769,LBen
T44Q,0.2615,LBen
T44R,0.1679,LBen
T44S,0.1611,LBen
T44V,0.2528,LBen
T44W,0.6369,LPath
T44Y,0.3823,Amb
V45A,0.17,LBen
V45C,0.6114,LPath
V45D,0.279,LBen
V45E,0.2851,LBen
V45F,0.1756,LBen
V45G,0.2395,LBen
V45H,0.5217,Amb
V45I,0.1368,LBen
V45K,0.419,Amb
V45L,0.2888,LBen
V45M,0.2487,LBen
V45N,0.3014,LBen
V45P,0.507,Amb
V45Q,0.3575,Amb
V45R,0.2844,LBen
V45S,0.1784,LBen
V45T,0.2284,LBen
V45W,0.7876,LPath
V45Y,0.4922,Amb
L46A,0.3415,Amb
L46C,0.7007,LPath
L46D,0.7858,LPath
L46E,0.4424,Amb
L46F,0.2459,LBen
L46G,0.5954,LPath
L46H,0.4818,Amb
L46I,0.1864,LBen
L46K,0.4252,Amb
L46M,0.1997,LBen
L46N,0.6716,LPath
L46P,0.3939,Amb
L46Q,0.3112,LBen
L46R,0.3202,LBen
L46S,0.4549,Amb
L46T,0.3205,LBen
L46V,0.186,LBen
L46W,0.3527,Amb
L46Y,0.6311,LPath
G47A,0.1726,LBen
G47C,0.4343,Amb
G47D,0.2607,LBen
G47E,0.0742,LBen
G47F,0.7298,LPath
G47H,0.5163,Amb
G47I,0.4678,Amb
G47K,0.2421,LBen
G47L,0.4384,Amb
G47M,0.5249,Amb
G47N,0.4323,Amb
G47P,0.5704,LPath
G47Q,0.2025,LBen
G47R,0.1844,LBen
G47S,0.2023,LBen
G47T,0.255,LBen
G47V,0.2919,LBen
G47W,0.3991,Amb
G47Y,0.599,LPath
E48A,0.1968,LBen
E48C,0.7643,LPath
E48D,0.0831,LBen
E48F,0.6186,LPath
E48G,0.135,LBen
E48H,0.411,Amb
E48I,0.4343,Amb
E48K,0.1453,LBen
E48L,0.4186,Amb
E48M,0.483,Amb
E48N,0.2087,LBen
E48P,0.4168,Amb
E48Q,0.1878,LBen
E48R,0.2151,LBen
E48S,0.2199,LBen
E48T,0.2807,LBen
E48V,0.2535,LBen
E48W,0.7561,LPath
E48Y,0.4859,Amb
A49C,0.4611,Amb
A49D,0.1828,LBen
A49E,0.2046,LBen
A49F,0.338,LBen
A49G,0.1165,LBen
A49H,0.4325,Amb
A49I,0.3434,Amb
A49K,0.395,Amb
A49L,0.264,LBen
A49M,0.3361,LBen
A49N,0.2157,LBen
A49P,0.2273,LBen
A49Q,0.335,LBen
A49R,0.2914,LBen
A49S,0.1028,LBen
A49T,0.1002,LBen
A49V,0.1553,LBen
A49W,0.6548,LPath
A49Y,0.4302,Amb
W50A,0.1654,LBen
W50C,0.3198,LBen
W50D,0.2525,LBen
W50E,0.1553,LBen
W50F,0.1752,LBen
W50G,0.071,LBen
W50H,0.2629,LBen
W50I,0.3037,LBen
W50K,0.2104,LBen
W50L,0.1606,LBen
W50M,0.3224,LBen
W50N,0.3175,LBen
W50P,0.3157,LBen
W50Q,0.157,LBen
W50R,0.1336,LBen
W50S,0.1298,LBen
W50T,0.1642,LBen
W50V,0.2055,LBen
W50Y,0.2783,LBen
R51A,0.1492,LBen
R51C,0.2018,LBen
R51D,0.2388,LBen
R51E,0.1302,LBen
R51F,0.4467,Amb
R51G,0.0488,LBen
R51H,0.154,LBen
R51I,0.1849,LBen
R51K,0.0885,LBen
R51L,0.1741,LBen
R51M,0.1829,LBen
R51N,0.2628,LBen
R51P,0.241,LBen
R51Q,0.0977,LBen
R51S,0.1719,LBen
R51T,0.1154,LBen
R51V,0.1987,LBen
R51W,0.1698,LBen
R51Y,0.3363,LBen
D52A,0.3124,LBen
D52C,0.6096,LPath
D52E,0.2602,LBen
D52F,0.6177,LPath
D52G,0.1771,LBen
D52H,0.3135,LBen
D52I,0.5133,Amb
D52K,0.4703,Amb
D52L,0.4819,Amb
D52M,0.7912,LPath
D52N,0.138,LBen
D52P,0.6062,LPath
D52Q,0.4528,Amb
D52R,0.4272,Amb
D52S,0.2065,LBen
D52T,0.434,Amb
D52V,0.3212,LBen
D52W,0.8174,LPath
D52Y,0.223,LBen
Q53A,0.2614,LBen
Q53C,0.7608,LPath
Q53D,0.2707,LBen
Q53E,0.0769,LBen
Q53F,0.7962,LPath
Q53G,0.2506,LBen
Q53H,0.2819,LBen
Q53I,0.5092,Amb
Q53K,0.1108,LBen
Q53L,0.2541,LBen
Q53M,0.4983,Amb
Q53N,0.2893,LBen
Q53P,0.1399,LBen
Q53R,0.115,LBen
Q53S,0.272,LBen
Q53T,0.217,LBen
Q53V,0.3588,Amb
Q53W,0.6278,LPath
Q53Y,0.6294,LPath
V54A,0.1539,LBen
V54C,0.6839,LPath
V54D,0.1709,LBen
V54E,0.1545,LBen
V54F,0.2245,LBen
V54G,0.099,LBen
V54H,0.5248,Amb
V54I,0.1464,LBen
V54K,0.2425,LBen
V54L,0.2961,LBen
V54M,0.2238,LBen
V54N,0.2458,LBen
V54P,0.347,Amb
V54Q,0.2691,LBen
V54R,0.2063,LBen
V54S,0.2056,LBen
V54T,0.1933,LBen
V54W,0.6936,LPath
V54Y,0.5177,Amb
D55A,0.3592,Amb
D55C,0.7365,LPath
D55E,0.404,Amb
D55F,0.7465,LPath
D55G,0.3254,LBen
D55H,0.4694,Amb
D55I,0.6224,LPath
D55K,0.6729,LPath
D55L,0.6129,LPath
D55M,0.8862,LPath
D55N,0.2174,LBen
D55P,0.6698,LPath
D55Q,0.629,LPath
D55R,0.5943,LPath
D55S,0.2793,LBen
D55T,0.5642,LPath
D55V,0.4231,Amb
D55W,0.9144,LPath
D55Y,0.3347,LBen
W56A,0.4611,Amb
W56C,0.5054,Amb
W56D,0.7373,LPath
W56E,0.7252,LPath
W56F,0.224,LBen
W56G,0.2615,LBen
W56H,0.6754,LPath
W56I,0.4905,Amb
W56K,0.7961,LPath
W56L,0.3284,LBen
W56M,0.6234,LPath
W56N,0.7342,LPath
W56P,0.7214,LPath
W56Q,0.7487,LPath
W56R,0.6659,LPath
W56S,0.3646,Amb
W56T,0.4147,Amb
W56V,0.4145,Amb
W56Y,0.3969,Amb
S57A,0.1967,LBen
S57C,0.1803,LBen
S57D,0.3493,Amb
S57E,0.4196,Amb
S57F,0.4601,Amb
S57G,0.1499,LBen
S57H,0.3683,Amb
S57I,0.3439,Amb
S57K,0.6707,LPath
S57L,0.2888,LBen
S57M,0.4117,Amb
S57N,0.1895,LBen
S57P,0.2743,LBen
S57Q,0.5279,Amb
S57R,0.5742,LPath
S57T,0.1762,LBen
S57V,0.3923,Amb
S57W,0.3942,Amb
S57Y,0.2757,LBen
R58A,0.5217,Amb
R58C,0.2812,LBen
R58D,0.7105,LPath
R58E,0.4631,Amb
R58F,0.661,LPath
R58G,0.3276,LBen
R58H,0.1795,LBen
R58I,0.3559,Amb
R58K,0.2358,LBen
R58L,0.3359,LBen
R58M,0.4393,Amb
R58N,0.6927,LPath
R58P,0.6136,LPath
R58Q,0.1739,LBen
R58S,0.5586,Amb
R58T,0.3717,Amb
R58V,0.4643,Amb
R58W,0.2621,LBen
R58Y,0.5746,LPath
L59A,0.5327,Amb
L59C,0.6974,LPath
L59D,0.7838,LPath
L59E,0.5712,LPath
L59F,0.2591,LBen
L59G,0.7281,LPath
L59H,0.4425,Amb
L59I,0.161,LBen
L59K,0.4518,Amb
L59M,0.2415,LBen
L59N,0.6033,LPath
L59P,0.5669,LPath
L59Q,0.3452,Amb
L59R,0.343,Amb
L59S,0.6278,LPath
L59T,0.5241,Amb
L59V,0.1799,LBen
L59W,0.4683,Amb
L59Y,0.515,Amb
L60A,0.5096,Amb
L60C,0.4804,Amb
L60D,0.8238,LPath
L60E,0.5294,Amb
L60F,0.1615,LBen
L60G,0.647,LPath
L60H,0.3395,LBen
L60I,0.2235,LBen
L60K,0.4037,Amb
L60M,0.23,LBen
L60N,0.6075,LPath
L60P,0.5091,Amb
L60Q,0.273,LBen
L60R,0.2694,LBen
L60S,0.5067,Amb
L60T,0.5246,Amb
L60V,0.2094,LBen
L60W,0.2143,LBen
L60Y,0.2215,LBen
R61A,0.602,LPath
R61C,0.4483,Amb
R61D,0.8512,LPath
R61E,0.4491,Amb
R61F,0.8373,LPath
R61G,0.3675,Amb
R61H,0.2899,LBen
R61I,0.5336,Amb
R61K,0.2223,LBen
R61L,0.4736,Amb
R61M,0.5151,Amb
R61N,0.8338,LPath
R61P,0.7628,LPath
R61Q,0.1837,LBen
R61S,0.6989,LPath
R61T,0.403,Amb
R61V,0.6211,LPath
R61W,0.2951,LBen
R61Y,0.7364,LPath
D62A,0.5697,LPath
D62C,0.9215,LPath
D62E,0.5167,Amb
D62F,0.9011,LPath
D62G,0.5322,Amb
D62H,0.6585,LPath
D62I,0.8262,LPath
D62K,0.756,LPath
D62L,0.8363,LPath
D62M,0.9394,LPath
D62N,0.3578,Amb
D62P,0.9335,LPath
D62Q,0.7972,LPath
D62R,0.7862,LPath
D62S,0.5268,Amb
D62T,0.7267,LPath
D62V,0.6178,LPath
D62W,0.9623,LPath
D62Y,0.4982,Amb
A63C,0.4206,Amb
A63D,0.3877,Amb
A63E,0.3251,LBen
A63F,0.4706,Amb
A63G,0.1979,LBen
A63H,0.4885,Amb
A63I,0.3718,Amb
A63K,0.4217,Amb
A63L,0.28,LBen
A63M,0.3011,LBen
A63N,0.3288,LBen
A63P,0.4869,Amb
A63Q,0.406,Amb
A63R,0.3027,LBen
A63S,0.1147,LBen
A63T,0.0749,LBen
A63V,0.1753,LBen
A63W,0.7125,LPath
A63Y,0.5564,Amb
T63A,0.0539,LBen
T63C,0.3587,Amb
T63D,0.3368,LBen
T63E,0.3096,LBen
T63F,0.3856,Amb
T63G,0.193,LBen
T63H,0.3475,Amb
T63I,0.2655,LBen
T63K,0.2533,LBen
T63L,0.189,LBen
T63M,0.1498,LBen
T63N,0.1702,LBen
T63P,0.2169,LBen
T63Q,0.3056,LBen
T63R,0.1856,LBen
T63S,0.1123,LBen
T63V,0.175,LBen
T63W,0.6796,LPath
T63Y,0.3835,Amb
G64A,0.3408,Amb
G64C,0.4386,Amb
G64D,0.3313,LBen
G64E,0.4347,Amb
G64F,0.8307,LPath
G64H,0.6478,LPath
G64I,0.6778,LPath
G64K,0.6651,LPath
G64L,0.7785,LPath
G64M,0.8337,LPath
G64N,0.5162,Amb
G64P,0.8878,LPath
G64Q,0.5824,LPath
G64R,0.4616,Amb
G64S,0.2151,LBen
G64T,0.4962,Amb
G64V,0.5261,Amb
G64W,0.7127,LPath
G64Y,0.7171,LPath
L65A,0.2534,LBen
L65C,0.4602,Amb
L65D,0.5947,LPath
L65E,0.345,Amb
L65F,0.1818,LBen
L65G,0.4551,Amb
L65H,0.3524,Amb
L65I,0.0811,LBen
L65K,0.3032,LBen
L65M,0.1463,LBen
L65N,0.4522,Amb
L65P,0.3789,Amb
L65Q,0.2591,LBen
L65R,0.2279,LBen
L65S,0.3843,Amb
L65T,0.231,LBen
L65V,0.0583,LBen
L65W,0.2884,LBen
L65Y,0.4261,Amb
V66A,0.3678,Amb
V66C,0.7195,LPath
V66D,0.4437,Amb
V66E,0.3038,LBen
V66F,0.2215,LBen
V66G,0.2406,LBen
V66H,0.6491,LPath
V66I,0.1358,LBen
V66K,0.4013,Amb
V66L,0.2337,LBen
V66M,0.2223,LBen
V66N,0.498,Amb
V66P,0.5639,Amb
V66Q,0.3379,LBen
V66R,0.2984,LBen
V66S,0.391,Amb
V66T,0.4192,Amb
V66W,0.7576,LPath
V66Y,0.5744,LPath
K67A,0.2894,LBen
K67C,0.6987,LPath
K67D,0.3088,LBen
K67E,0.1102,LBen
K67F,0.7099,LPath
K67G,0.3554,Amb
K67H,0.2984,LBen
K67I,0.3318,LBen
K67L,0.3575,Amb
K67M,0.2224,LBen
K67N,0.1567,LBen
K67P,0.4052,Amb
K67Q,0.1543,LBen
K67R,0.1043,LBen
K67S,0.26,LBen
K67T,0.1421,LBen
K67V,0.299,LBen
K67W,0.7649,LPath
K67Y,0.5237,Amb
M68A,0.7063,LPath
M68C,0.8778,LPath
M68D,0.8357,LPath
M68E,0.6698,LPath
M68F,0.4918,Amb
M68G,0.764,LPath
M68H,0.7115,LPath
M68I,0.633,LPath
M68K,0.4247,Amb
M68L,0.3698,Amb
M68N,0.6064,LPath
M68P,0.708,LPath
M68Q,0.4792,Amb
M68R,0.4539,Amb
M68S,0.6657,LPath
M68T,0.5608,Amb
M68V,0.2672,LBen
M68W,0.7721,LPath
M68Y,0.6647,LPath
S69A,0.1023,LBen
S69C,0.1766,LBen
S69D,0.4512,Amb
S69E,0.4641,Amb
S69F,0.3448,Amb
S69G,0.1868,LBen
S69H,0.374,Amb
S69I,0.3214,LBen
S69K,0.6492,LPath
S69L,0.2158,LBen
S69M,0.3919,Amb
S69N,0.2764,LBen
S69P,0.0908,LBen
S69Q,0.4584,Amb
S69R,0.5487,Amb
S69T,0.1382,LBen
S69V,0.2917,LBen
S69W,0.3797,Amb
S69Y,0.2515,LBen
R70A,0.5435,Amb
R70C,0.4163,Amb
R70D,0.8007,LPath
R70E,0.443,Amb
R70F,0.8003,LPath
R70G,0.2953,LBen
R70H,0.2922,LBen
R70I,0.4743,Amb
R70K,0.2149,LBen
R70L,0.4453,Amb
R70M,0.5063,Amb
R70N,0.8012,LPath
R70P,0.4691,Amb
R70Q,0.1812,LBen
R70S,0.6416,LPath
R70T,0.4147,Amb
R70V,0.5546,Amb
R70W,0.3036,LBen
R70Y,0.7318,LPath
K71A,0.7023,LPath
K71C,0.9147,LPath
K71D,0.8063,LPath
K71E,0.4262,Amb
K71F,0.8918,LPath
K71G,0.7304,LPath
K71H,0.6137,LPath
K71I,0.5323,Amb
K71L,0.6037,LPath
K71M,0.4529,Amb
K71N,0.6323,LPath
K71P,0.7054,LPath
K71Q,0.345,Amb
K71R,0.166,LBen
K71S,0.7265,LPath
K71T,0.45,Amb
K71V,0.6205,LPath
K71W,0.921,LPath
K71Y,0.7879,LPath
P72A,0.1452,LBen
P72C,0.6573,LPath
P72D,0.5,Amb
P72E,0.3494,Amb
P72F,0.6568,LPath
P72G,0.3628,Amb
P72H,0.2607,LBen
P72I,0.4127,Amb
P72K,0.3577,Amb
P72L,0.1671,LBen
P72M,0.4758,Amb
P72N,0.454,Amb
P72Q,0.2129,LBen
P72R,0.1976,LBen
P72S,0.2293,LBen
P72T,0.1801,LBen
P72V,0.2882,LBen
P72W,0.6944,LPath
P72Y,0.5393,Amb
R73A,0.4329,Amb
R73C,0.4542,Amb
R73D,0.772,LPath
R73E,0.4223,Amb
R73F,0.7198,LPath
R73G,0.2915,LBen
R73H,0.2974,LBen
R73I,0.3692,Amb
R73K,0.1892,LBen
R73L,0.3743,Amb
R73M,0.4174,Amb
R73N,0.7863,LPath
R73P,0.435,Amb
R73Q,0.2043,LBen
R73S,0.6102,LPath
R73T,0.3315,LBen
R73V,0.4428,Amb
R73W,0.3101,LBen
R73Y,0.689,LPath
A74C,0.6002,LPath
A74D,0.3013,LBen
A74E,0.3152,LBen
A74F,0.3829,Amb
A74G,0.1595,LBen
A74H,0.5116,Amb
A74I,0.4408,Amb
A74K,0.5091,Amb
A74L,0.3248,LBen
A74M,0.4783,Amb
A74N,0.3434,Amb
A74P,0.1933,LBen
A74Q,0.4141,Amb
A74R,0.3623,Amb
A74S,0.1149,LBen
A74T,0.1547,LBen
A74V,0.2069,LBen
A74W,0.749,LPath
A74Y,0.4946,Amb
S75A,0.1338,LBen
S75C,0.2452,LBen
S75D,0.6448,LPath
S75E,0.7353,LPath
S75F,0.3105,LBen
S75G,0.2117,LBen
S75H,0.5625,Amb
S75I,0.3251,LBen
S75K,0.8256,LPath
S75L,0.2458,LBen
S75M,0.5243,Amb
S75N,0.4106,Amb
S75P,0.183,LBen
S75Q,0.741,LPath
S75R,0.7086,LPath
S75T,0.1608,LBen
S75V,0.3394,LBen
S75W,0.4621,Amb
S75Y,0.3037,LBen
S76A,0.178,LBen
S76C,0.228,LBen
S76D,0.6369,LPath
S76E,0.7089,LPath
S76F,0.2761,LBen
S76G,0.2414,LBen
S76H,0.4194,Amb
S76I,0.2707,LBen
S76K,0.7556,LPath
S76L,0.2169,LBen
S76M,0.4566,Amb
S76N,0.3731,Amb
S76P,0.2387,LBen
S76Q,0.6521,LPath
S76R,0.5807,LPath
S76T,0.1707,LBen
S76V,0.3213,LBen
S76W,0.4111,Amb
S76Y,0.2719,LBen
P77A,0.1631,LBen
P77C,0.6102,LPath
P77D,0.5676,LPath
P77E,0.4881,Amb
P77F,0.5328,Amb
P77G,0.4872,Amb
P77H,0.2129,LBen
P77I,0.4283,Amb
P77K,0.4521,Amb
P77L,0.1934,LBen
P77M,0.5509,Amb
P77N,0.5165,Amb
P77Q,0.2664,LBen
P77R,0.2011,LBen
P77S,0.1845,LBen
P77T,0.183,LBen
P77V,0.3202,LBen
P77W,0.7263,LPath
P77Y,0.4958,Amb
L78A,0.1928,LBen
L78C,0.2346,LBen
L78D,0.368,Amb
L78E,0.3126,LBen
L78F,0.0553,LBen
L78G,0.3206,LBen
L78H,0.1347,LBen
L78I,0.0818,LBen
L78K,0.2254,LBen
L78M,0.1695,LBen
L78N,0.2462,LBen
L78P,0.1166,LBen
L78Q,0.1438,LBen
L78R,0.1146,LBen
L78S,0.1746,LBen
L78T,0.1997,LBen
L78V,0.0821,LBen
L78W,0.1456,LBen
L78Y,0.1516,LBen
S79A,0.1224,LBen
S79C,0.144,LBen
S79D,0.4518,Amb
S79E,0.5293,Amb
S79F,0.2863,LBen
S79G,0.1506,LBen
S79H,0.3446,Amb
S79I,0.247,LBen
S79K,0.6186,LPath
S79L,0.1866,LBen
S79M,0.388,Amb
S79N,0.2533,LBen
S79P,0.1297,LBen
S79Q,0.4787,Amb
S79R,0.4588,Amb
S79T,0.1332,LBen
S79V,0.2723,LBen
S79W,0.3204,LBen
S79Y,0.2249,LBen
N80A,0.2622,LBen
N80C,0.3224,LBen
N80D,0.1597,LBen
N80E,0.2999,LBen
N80F,0.6167,LPath
N80G,0.2816,LBen
N80H,0.1264,LBen
N80I,0.239,LBen
N80K,0.13,LBen
N80L,0.2684,LBen
N80M,0.3689,Amb
N80P,0.2997,LBen
N80Q,0.2707,LBen
N80R,0.181,LBen
N80S,0.0975,LBen
N80T,0.1562,LBen
N80V,0.2418,LBen
N80W,0.6486,LPath
N80Y,0.1797,LBen
N81A,0.3057,LBen
N81C,0.33,LBen
N81D,0.1814,LBen
N81E,0.4333,Amb
N81F,0.5422,Amb
N81G,0.3899,Amb
N81H,0.1171,LBen
N81I,0.122,LBen
N81K,0.2624,LBen
N81L,0.228,LBen
N81M,0.3834,Amb
N81P,0.3781,Amb
N81Q,0.376,Amb
N81R,0.2722,LBen
N81S,0.1114,LBen
N81T,0.1468,LBen
N81V,0.196,LBen
N81W,0.7684,LPath
N81Y,0.1831,LBen
H82A,0.3676,Amb
H82C,0.2307,LBen
H82D,0.2366,LBen
H82E,0.4011,Amb
H82F,0.398,Amb
H82G,0.3989,Amb
H82I,0.2999,LBen
H82K,0.3509,Amb
H82L,0.1434,LBen
H82M,0.5952,LPath
H82N,0.1319,LBen
H82P,0.129,LBen
H82Q,0.2788,LBen
H82R,0.1639,LBen
H82S,0.2619,LBen
H82T,0.3153,LBen
H82V,0.2958,LBen
H82W,0.511,Amb
H82Y,0.1433,LBen
P83A,0.1022,LBen
P83C,0.3292,LBen
P83D,0.3738,Amb
P83E,0.2789,LBen
P83F,0.3232,LBen
P83G,0.2834,LBen
P83H,0.1133,LBen
P83I,0.178,LBen
P83K,0.223,LBen
P83L,0.0809,LBen
P83M,0.2827,LBen
P83N,0.2872,LBen
P83Q,0.1286,LBen
P83R,0.115,LBen
P83S,0.111,LBen
P83T,0.1014,LBen
P83V,0.1596,LBen
P83W,0.4857,Amb
P83Y,0.2929,LBen
P84A,0.0718,LBen
P84C,0.293,LBen
P84D,0.2763,LBen
P84E,0.2326,LBen
P84F,0.342,Amb
P84G,0.1935,LBen
P84H,0.1332,LBen
P84I,0.2426,LBen
P84K,0.226,LBen
P84L,0.1205,LBen
P84M,0.2938,LBen
P84N,0.2238,LBen
P84Q,0.1335,LBen
P84R,0.1228,LBen
P84S,0.0689,LBen
P84T,0.082,LBen
P84V,0.1785,LBen
P84W,0.4326,Amb
P84Y,0.2938,LBen
T85A,0.0987,LBen
T85C,0.5076,Amb
T85D,0.3771,Amb
T85E,0.2679,LBen
T85F,0.2345,LBen
T85G,0.2682,LBen
T85H,0.2403,LBen
T85I,0.1473,LBen
T85K,0.1475,LBen
T85L,0.1082,LBen
T85M,0.1041,LBen
T85N,0.1373,LBen
T85P,0.0948,LBen
T85Q,0.1986,LBen
T85R,0.1194,LBen
T85S,0.1366,LBen
T85V,0.1419,LBen
T85W,0.5368,Amb
T85Y,0.2668,LBen
P86A,0.1021,LBen
P86C,0.5484,Amb
P86D,0.4427,Amb
P86E,0.2902,LBen
P86F,0.5544,Amb
P86G,0.3003,LBen
P86H,0.2033,LBen
P86I,0.3706,Amb
P86K,0.2771,LBen
P86L,0.1517,LBen
P86M,0.4049,Amb
P86N,0.3927,Amb
P86Q,0.1612,LBen
P86R,0.1461,LBen
P86S,0.1335,LBen
P86T,0.1136,LBen
P86V,0.2555,LBen
P86W,0.6291,LPath
P86Y,0.4907,Amb
K87A,0.4884,Amb
K87C,0.8605,LPath
K87D,0.692,LPath
K87E,0.2219,LBen
K87F,0.8633,LPath
K87G,0.4892,Amb
K87H,0.5442,Amb
K87I,0.4882,Amb
K87L,0.5245,Amb
K87M,0.422,Amb
K87N,0.5388,Amb
K87P,0.5386,Amb
K87Q,0.203,LBen
K87R,0.0967,LBen
K87S,0.5225,Amb
K87T,0.3187,LBen
K87V,0.4895,Amb
K87W,0.8643,LPath
K87Y,0.7644,LPath
R88A,0.3017,LBen
R88C,0.2636,LBen
R88D,0.5038,Amb
R88E,0.2598,LBen
R88F,0.5445,Amb
R88G,0.1526,LBen
R88H,0.171,LBen
R88I,0.2227,LBen
R88K,0.1374,LBen
R88L,0.2466,LBen
R88M,0.2768,LBen
R88N,0.4789,Amb
R88P,0.2775,LBen
R88Q,0.1351,LBen
R88S,0.3313,LBen
R88T,0.1933,LBen
R88V,0.2986,LBen
R88W,0.2253,LBen
R88Y,0.4369,Amb
R89A,0.2624,LBen
R89C,0.3056,LBen
R89D,0.5035,Amb
R89E,0.2401,LBen
R89F,0.5288,Amb
R89G,0.1414,LBen
R89H,0.1804,LBen
R89I,0.248,LBen
R89K,0.1157,LBen
R89L,0.2274,LBen
R89M,0.281,LBen
R89N,0.5068,Amb
R89P,0.2288,LBen
R89Q,0.113,LBen
R89S,0.3661,Amb
R89T,0.1779,LBen
R89V,0.2978,LBen
R89W,0.1891,LBen
R89Y,0.468,Amb
G90A,0.1446,LBen
G90C,0.2198,LBen
G90D,0.1929,LBen
G90E,0.2182,LBen
G90F,0.4809,Amb
G90H,0.3773,Amb
G90I,0.2204,LBen
G90K,0.3554,Amb
G90L,0.4106,Amb
G90M,0.4872,Amb
G90N,0.3235,LBen
G90P,0.4949,Amb
G90Q,0.3334,LBen
G90R,0.2235,LBen
G90S,0.1317,LBen
G90T,0.1983,LBen
G90V,0.1478,LBen
G90W,0.3392,LBen
G90Y,0.3729,Amb
S91A,0.1043,LBen
S91C,0.1137,LBen
S91D,0.235,LBen
S91E,0.2043,LBen
S91F,0.2409,LBen
S91G,0.0748,LBen
S91H,0.1119,LBen
S91I,0.137,LBen
S91K,0.1407,LBen
S91L,0.1641,LBen
S91M,0.2153,LBen
S91N,0.128,LBen
S91P,0.1173,LBen
S91Q,0.1397,LBen
S91R,0.0715,LBen
S91T,0.0915,LBen
S91V,0.1913,LBen
S91W,0.1651,LBen
S91Y,0.15,LBen
G92A,0.1394,LBen
G92C,0.2172,LBen
G92D,0.1995,LBen
G92E,0.1666,LBen
G92F,0.4681,Amb
G92H,0.2927,LBen
G92I,0.2203,LBen
G92K,0.2161,LBen
G92L,0.3455,Amb
G92M,0.4407,Amb
G92N,0.3158,LBen
G92P,0.4551,Amb
G92Q,0.1962,LBen
G92R,0.1174,LBen
G92S,0.1121,LBen
G92T,0.1674,LBen
G92V,0.1546,LBen
G92W,0.29,LBen
G92Y,0.3867,Amb
R93A,0.3576,Amb
R93C,0.3841,Amb
R93D,0.5403,Amb
R93E,0.2901,LBen
R93F,0.5721,LPath
R93G,0.1758,LBen
R93H,0.2142,LBen
R93I,0.2123,LBen
R93K,0.0695,LBen
R93L,0.2525,LBen
R93M,0.2649,LBen
R93N,0.4862,Amb
R93P,0.3225,LBen
R93Q,0.1484,LBen
R93S,0.3952,Amb
R93T,0.2282,LBen
R93V,0.3261,LBen
R93W,0.2438,LBen
R93Y,0.4833,Amb
H94A,0.3273,LBen
H94C,0.223,LBen
H94D,0.29,LBen
H94E,0.3838,Amb
H94F,0.3626,Amb
H94G,0.3473,Amb
H94I,0.3616,Amb
H94K,0.2883,LBen
H94L,0.1615,LBen
H94M,0.552,Amb
H94N,0.1799,LBen
H94P,0.098,LBen
H94Q,0.2327,LBen
H94R,0.1509,LBen
H94S,0.2664,LBen
H94T,0.3668,Amb
H94V,0.321,LBen
H94W,0.41,Amb
H94Y,0.1407,LBen
P95A,0.1032,LBen
P95C,0.3771,Amb
P95D,0.3905,Amb
P95E,0.3365,LBen
P95F,0.3739,Amb
P95G,0.2839,LBen
P95H,0.1222,LBen
P95I,0.2725,LBen
P95K,0.2849,LBen
P95L,0.1268,LBen
P95M,0.4053,Amb
P95N,0.3098,LBen
P95Q,0.1513,LBen
P95R,0.1165,LBen
P95S,0.1074,LBen
P95T,0.1142,LBen
P95V,0.2083,LBen
P95W,0.5208,Amb
P95Y,0.3216,LBen
L96A,0.2215,LBen
L96C,0.4501,Amb
L96D,0.5242,Amb
L96E,0.2676,LBen
L96F,0.1735,LBen
L96G,0.3512,Amb
L96H,0.2165,LBen
L96I,0.1197,LBen
L96K,0.1919,LBen
L96M,0.1764,LBen
L96N,0.3667,Amb
L96P,0.13,LBen
L96Q,0.1165,LBen
L96R,0.106,LBen
L96S,0.2066,LBen
L96T,0.2347,LBen
L96V,0.1045,LBen
L96W,0.2204,LBen
L96Y,0.3814,Amb
N97A,0.3375,LBen
N97C,0.4074,Amb
N97D,0.3083,LBen
N97E,0.4408,Amb
N97F,0.4285,Amb
N97G,0.4617,Amb
N97H,0.14,LBen
N97I,0.0859,LBen
N97K,0.2458,LBen
N97L,0.1621,LBen
N97M,0.2785,LBen
N97P,0.3192,LBen
N97Q,0.3733,Amb
N97R,0.3072,LBen
N97S,0.1409,LBen
N97T,0.1738,LBen
N97V,0.1619,LBen
N97W,0.7257,LPath
N97Y,0.1521,LBen
P98A,0.1004,LBen
P98C,0.4219,Amb
P98D,0.4086,Amb
P98E,0.2818,LBen
P98F,0.434,Amb
P98G,0.2748,LBen
P98H,0.1492,LBen
P98I,0.3139,LBen
P98K,0.2406,LBen
P98L,0.1176,LBen
P98M,0.3665,Amb
P98N,0.3642,Amb
P98Q,0.1461,LBen
P98R,0.1038,LBen
P98S,0.1349,LBen
P98T,0.1093,LBen
P98V,0.2239,LBen
P98W,0.4755,Amb
P98Y,0.3798,Amb
G99A,0.2135,LBen
G99C,0.3696,Amb
G99D,0.4296,Amb
G99E,0.3746,Amb
G99F,0.6312,LPath
G99H,0.6398,LPath
G99I,0.3655,Amb
G99K,0.5749,LPath
G99L,0.524,Amb
G99M,0.6713,LPath
G99N,0.6466,LPath
G99P,0.6732,LPath
G99Q,0.5372,Amb
G99R,0.379,Amb
G99S,0.2082,LBen
G99T,0.3818,Amb
G99V,0.2484,LBen
G99W,0.5454,Amb
G99Y,0.6007,LPath
P100A,0.1211,LBen
P100C,0.6221,LPath
P100D,0.4413,Amb
P100E,0.2585,LBen
P100F,0.573,LPath
P100G,0.3219,LBen
P100H,0.2145,LBen
P100I,0.4094,Amb
P100K,0.2108,LBen
P100L,0.1775,LBen
P100M,0.4392,Amb
P100N,0.4522,Amb
P100Q,0.1474,LBen
P100R,0.0914,LBen
P100S,0.2081,LBen
P100T,0.1502,LBen
P100V,0.2896,LBen
P100W,0.5768,LPath
P100Y,0.4977,Amb
E101A,0.1574,LBen
E101C,0.8781,LPath
E101D,0.2423,LBen
E101F,0.7378,LPath
E101G,0.1223,LBen
E101H,0.5697,LPath
E101I,0.4898,Amb
E101K,0.1665,LBen
E101L,0.4739,Amb
E101M,0.5425,Amb
E101N,0.4628,Amb
E101P,0.454,Amb
E101Q,0.1828,LBen
E101R,0.2108,LBen
E101S,0.2804,LBen
E101T,0.327,LBen
E101V,0.2658,LBen
E101W,0.8494,LPath
E101Y,0.6547,LPath
A102C,0.6919,LPath
A102D,0.2953,LBen
A102E,0.3262,LBen
A102F,0.3971,Amb
A102G,0.1878,LBen
A102H,0.5347,Amb
A102I,0.4737,Amb
A102K,0.5563,Amb
A102L,0.3849,Amb
A102M,0.4969,Amb
A102N,0.353,Amb
A102P,0.2802,LBen
A102Q,0.4649,Amb
A102R,0.388,Amb
A102S,0.1468,LBen
A102T,0.1933,LBen
A102V,0.2321,LBen
A102W,0.796,LPath
A102Y,0.4887,Amb
L103A,0.2655,LBen
L103C,0.6234,LPath
L103D,0.639,LPath
L103E,0.3606,Amb
L103F,0.1787,LBen
L103G,0.477,Amb
L103H,0.2971,LBen
L103I,0.1232,LBen
L103K,0.2787,LBen
L103M,0.2016,LBen
L103N,0.4743,Amb
L103P,0.1918,LBen
L103Q,0.1921,LBen
L103R,0.1657,LBen
L103S,0.279,LBen
L103T,0.2813,LBen
L103V,0.1192,LBen
L103W,0.3072,LBen
L103Y,0.4419,Amb
S104A,0.1526,LBen
S104C,0.2194,LBen
S104D,0.549,Amb
S104E,0.5378,Amb
S104F,0.4166,Amb
S104G,0.1611,LBen
S104H,0.4511,Amb
S104I,0.4123,Amb
S104K,0.6722,LPath
S104L,0.2606,LBen
S104M,0.4886,Amb
S104N,0.3271,LBen
S104P,0.2107,LBen
S104Q,0.5332,Amb
S104R,0.5098,Amb
S104T,0.1774,LBen
S104V,0.4201,Amb
S104W,0.3867,Amb
S104Y,0.3006,LBen
K105A,0.5163,Amb
K105C,0.7965,LPath
K105D,0.6511,LPath
K105E,0.3134,LBen
K105F,0.8239,LPath
K105G,0.4903,Amb
K105H,0.4214,Amb
K105I,0.454,Amb
K105L,0.5046,Amb
K105M,0.4067,Amb
K105N,0.552,Amb
K105P,0.5822,LPath
K105Q,0.2306,LBen
K105R,0.0649,LBen
K105S,0.5771,LPath
K105T,0.3242,LBen
K105V,0.427,Amb
K105W,0.7619,LPath
K105Y,0.6449,LPath
F106A,0.6442,LPath
F106C,0.6448,LPath
F106D,0.6622,LPath
F106E,0.738,LPath
F106G,0.708,LPath
F106H,0.6222,LPath
F106I,0.3439,Amb
F106K,0.7144,LPath
F106L,0.907,LPath
F106M,0.6821,LPath
F106N,0.5257,Amb
F106P,0.8791,LPath
F106Q,0.7362,LPath
F106R,0.6397,LPath
F106S,0.457,Amb
F106T,0.6296,LPath
F106V,0.3771,Amb
F106W,0.5532,Amb
F106Y,0.17,LBen
P107A,0.183,LBen
P107C,0.589,LPath
P107D,0.6126,LPath
P107E,0.394,Amb
P107F,0.6143,LPath
P107G,0.4155,Amb
P107H,0.2165,LBen
P107I,0.4889,Amb
P107K,0.3505,Amb
P107L,0.2124,LBen
P107M,0.6046,LPath
P107N,0.5466,Amb
P107Q,0.1574,LBen
P107R,0.1466,LBen
P107S,0.1914,LBen
P107T,0.1984,LBen
P107V,0.3853,Amb
P107W,0.6544,LPath
P107Y,0.5245,Amb
R108A,0.5539,Amb
R108C,0.4228,Amb
R108D,0.8031,LPath
R108E,0.4818,Amb
R108F,0.7362,LPath
R108G,0.3176,LBen
R108H,0.2944,LBen
R108I,0.3971,Amb
R108K,0.1965,LBen
R108L,0.3979,Amb
R108M,0.523,Amb
R108N,0.8062,LPath
R108P,0.4541,Amb
R108Q,0.2041,LBen
R108S,0.657,LPath
R108T,0.4561,Amb
R108V,0.5035,Amb
R108W,0.3506,Amb
R108Y,0.6551,LPath
Q109A,0.37,Amb
Q109C,0.8548,LPath
Q109D,0.6109,LPath
Q109E,0.1686,LBen
Q109F,0.747,LPath
Q109G,0.3927,Amb
Q109H,0.433,Amb
Q109I,0.4433,Amb
Q109K,0.1608,LBen
Q109L,0.2378,LBen
Q109M,0.5023,Amb
Q109N,0.4594,Amb
Q109P,0.1724,LBen
Q109R,0.1984,LBen
Q109S,0.4016,Amb
Q109T,0.3587,Amb
Q109V,0.3508,Amb
Q109W,0.7251,LPath
Q109Y,0.6375,LPath
P110A,0.1032,LBen
P110C,0.4948,Amb
P110D,0.3913,Amb
P110E,0.2193,LBen
P110F,0.5426,Amb
P110G,0.2423,LBen
P110H,0.1573,LBen
P110I,0.359,Amb
P110K,0.1587,LBen
P110L,0.156,LBen
P110M,0.4146,Amb
P110N,0.3775,Amb
P110Q,0.1072,LBen
P110R,0.0635,LBen
P110S,0.1953,LBen
P110T,0.126,LBen
P110V,0.2446,LBen
P110W,0.4575,Amb
P110Y,0.4277,Amb
G111A,0.1263,LBen
G111C,0.248,LBen
G111D,0.256,LBen
G111E,0.1437,LBen
G111F,0.4364,Amb
G111H,0.293,LBen
G111I,0.2057,LBen
G111K,0.1662,LBen
G111L,0.2687,LBen
G111M,0.3672,Amb
G111N,0.3572,Amb
G111P,0.364,Amb
G111Q,0.1707,LBen
G111R,0.0854,LBen
G111S,0.1465,LBen
G111T,0.1441,LBen
G111V,0.1397,LBen
G111W,0.2582,LBen
G111Y,0.3695,Amb
R112A,0.4301,Amb
R112C,0.496,Amb
R112D,0.6812,LPath
R112E,0.2991,LBen
R112F,0.7013,LPath
R112G,0.2237,LBen
R112H,0.2763,LBen
R112I,0.3281,LBen
R112K,0.1363,LBen
R112L,0.3579,Amb
R112M,0.3699,Amb
R112N,0.7134,LPath
R112P,0.4482,Amb
R112Q,0.1569,LBen
R112S,0.5813,LPath
R112T,0.2753,LBen
R112V,0.4308,Amb
R112W,0.2837,LBen
R112Y,0.6681,LPath
E113A,0.2415,LBen
E113C,0.8884,LPath
E113D,0.2475,LBen
E113F,0.8016,LPath
E113G,0.137,LBen
E113H,0.6169,LPath
E113I,0.4899,Amb
E113K,0.1807,LBen
E113L,0.522,Amb
E113M,0.6114,LPath
E113N,0.4317,Amb
E113P,0.4632,Amb
E113Q,0.1592,LBen
E113R,0.2402,LBen
E113S,0.3339,LBen
E113T,0.3714,Amb
E113V,0.2896,LBen
E113W,0.8762,LPath
E113Y,0.7133,LPath
K114A,0.4956,Amb
K114C,0.9279,LPath
K114D,0.5957,LPath
K114E,0.2119,LBen
K114F,0.8943,LPath
K114G,0.5184,Amb
K114H,0.6302,LPath
K114I,0.4942,Amb
K114L,0.6065,LPath
K114M,0.4008,Amb
K114N,0.4511,Amb
K114P,0.6292,LPath
K114Q,0.2742,LBen
K114R,0.1215,LBen
K114S,0.591,LPath
K114T,0.2789,LBen
K114V,0.5272,Amb
K114W,0.8968,LPath
K114Y,0.779,LPath
G115A,0.1523,LBen
G115C,0.3051,LBen
G115D,0.1955,LBen
G115E,0.1516,LBen
G115F,0.4456,Amb
G115H,0.4795,Amb
G115I,0.1958,LBen
G115K,0.3696,Amb
G115L,0.3664,Amb
G115M,0.4312,Amb
G115N,0.3769,Amb
G115P,0.5817,LPath
G115Q,0.3503,Amb
G115R,0.2919,LBen
G115S,0.1635,LBen
G115T,0.2056,LBen
G115V,0.1303,LBen
G115W,0.3967,Amb
G115Y,0.3868,Amb
P116A,0.105,LBen
P116C,0.4914,Amb
P116D,0.3257,LBen
P116E,0.2497,LBen
P116F,0.4427,Amb
P116G,0.2918,LBen
P116H,0.1758,LBen
P116I,0.286,LBen
P116K,0.2513,LBen
P116L,0.1429,LBen
P116M,0.3641,Amb
P116N,0.3109,LBen
P116Q,0.1555,LBen
P116R,0.1299,LBen
P116S,0.1519,LBen
P116T,0.1139,LBen
P116V,0.2146,LBen
P116W,0.5646,LPath
P116Y,0.4222,Amb
I117A,0.1273,LBen
I117C,0.4385,Amb
I117D,0.284,LBen
I117E,0.2118,LBen
I117F,0.1297,LBen
I117G,0.2646,LBen
I117H,0.2985,LBen
I117K,0.164,LBen
I117L,0.1009,LBen
I117M,0.1,LBen
I117N,0.1203,LBen
I117P,0.261,LBen
I117Q,0.1764,LBen
I117R,0.1025,LBen
I117S,0.1218,LBen
I117T,0.1037,LBen
I117V,0.0586,LBen
I117W,0.5435,Amb
I117Y,0.3184,LBen
K118A,0.4084,Amb
K118C,0.8604,LPath
K118D,0.6508,LPath
K118E,0.1618,LBen
K118F,0.8663,LPath
K118G,0.4737,Amb
K118H,0.5469,Amb
K118I,0.4459,Amb
K118L,0.4506,Amb
K118M,0.3414,Amb
K118N,0.5254,Amb
K118P,0.5149,Amb
K118Q,0.1658,LBen
K118R,0.0958,LBen
K118S,0.5055,Amb
K118T,0.2124,LBen
K118V,0.4401,Amb
K118W,0.8416,LPath
K118Y,0.7905,LPath
E119A,0.1507,LBen
E119C,0.9043,LPath
E119D,0.1731,LBen
E119F,0.7707,LPath
E119G,0.1366,LBen
E119H,0.6205,LPath
E119I,0.4303,Amb
E119K,0.2032,LBen
E119L,0.5181,Amb
E119M,0.5518,Amb
E119N,0.3452,Amb
E119P,0.4477,Amb
E119Q,0.2244,LBen
E119R,0.3042,LBen
E119S,0.291,LBen
E119T,0.269,LBen
E119V,0.2214,LBen
E119W,0.9046,LPath
E119Y,0.6704,LPath
V120A,0.2599,LBen
V120C,0.7769,LPath
V120D,0.2288,LBen
V120E,0.2409,LBen
V120F,0.1663,LBen
V120G,0.1691,LBen
V120H,0.6149,LPath
V120I,0.1177,LBen
V120K,0.3615,Amb
V120L,0.2825,LBen
V120M,0.2568,LBen
V120N,0.299,LBen
V120P,0.4483,Amb
V120Q,0.3739,Amb
V120R,0.3102,LBen
V120S,0.3142,LBen
V120T,0.3172,LBen
V120W,0.7931,LPath
V120Y,0.4987,Amb
P121A,0.1013,LBen
P121C,0.554,Amb
P121D,0.4372,Amb
P121E,0.2661,LBen
P121F,0.5306,Amb
P121G,0.314,LBen
P121H,0.2296,LBen
P121I,0.3971,Amb
P121K,0.3055,LBen
P121L,0.1513,LBen
P121M,0.4458,Amb
P121N,0.4615,Amb
P121Q,0.1788,LBen
P121R,0.1502,LBen
P121S,0.1624,LBen
P121T,0.1208,LBen
P121V,0.2792,LBen
P121W,0.6082,LPath
P121Y,0.5188,Amb
G122A,0.1346,LBen
G122C,0.2538,LBen
G122D,0.1885,LBen
G122E,0.1415,LBen
G122F,0.5115,Amb
G122H,0.4378,Amb
G122I,0.2442,LBen
G122K,0.3286,LBen
G122L,0.3913,Amb
G122M,0.4872,Amb
G122N,0.3908,Amb
G122P,0.5593,Amb
G122Q,0.2795,LBen
G122R,0.1924,LBen
G122S,0.1386,LBen
G122T,0.2047,LBen
G122V,0.1475,LBen
G122W,0.3719,Amb
G122Y,0.4567,Amb
T123A,0.1247,LBen
T123C,0.5788,LPath
T123D,0.3682,Amb
T123E,0.2139,LBen
T123F,0.3525,Amb
T123G,0.2478,LBen
T123H,0.326,LBen
T123I,0.2487,LBen
T123K,0.1511,LBen
T123L,0.1933,LBen
T123M,0.1557,LBen
T123N,0.1735,LBen
T123P,0.1311,LBen
T123Q,0.195,LBen
T123R,0.1224,LBen
T123S,0.1801,LBen
T123V,0.231,LBen
T123W,0.5806,LPath
T123Y,0.3944,Amb
K124A,0.2552,LBen
K124C,0.8249,LPath
K124D,0.4562,Amb
K124E,0.1092,LBen
K124F,0.7914,LPath
K124G,0.3357,LBen
K124H,0.4572,Amb
K124I,0.3472,Amb
K124L,0.3898,Amb
K124M,0.2775,LBen
K124N,0.3769,Amb
K124P,0.4069,Amb
K124Q,0.1637,LBen
K124R,0.0888,LBen
K124S,0.3343,LBen
K124T,0.1452,LBen
K124V,0.3172,LBen
K124W,0.8268,LPath
K124Y,0.7074,LPath
G125A,0.0597,LBen
G125C,0.1579,LBen
G125D,0.1263,LBen
G125E,0.1252,LBen
G125F,0.2683,LBen
G125H,0.2845,LBen
G125I,0.1078,LBen
G125K,0.2675,LBen
G125L,0.1787,LBen
G125M,0.2535,LBen
G125N,0.1948,LBen
G125P,0.2644,LBen
G125Q,0.2345,LBen
G125R,0.1858,LBen
G125S,0.0946,LBen
G125T,0.0956,LBen
G125V,0.0597,LBen
G125W,0.297,LBen
G125Y,0.246,LBen
S126A,0.1282,LBen
S126C,0.1543,LBen
S126D,0.3915,Amb
S126E,0.463,Amb
S126F,0.1296,LBen
S126G,0.159,LBen
S126H,0.3053,LBen
S126I,0.1285,LBen
S126K,0.5701,LPath
S126L,0.1632,LBen
S126M,0.291,LBen
S126N,0.1973,LBen
S126P,0.177,LBen
S126Q,0.4637,Amb
S126R,0.486,Amb
S126T,0.1125,LBen
S126V,0.1866,LBen
S126W,0.3106,LBen
S126Y,0.1614,LBen
P127A,0.1095,LBen
P127C,0.4628,Amb
P127D,0.4187,Amb
P127E,0.2957,LBen
P127F,0.5018,Amb
P127G,0.3296,LBen
P127H,0.2424,LBen
P127I,0.3679,Amb
P127K,0.2739,LBen
P127L,0.1677,LBen
P127M,0.4368,Amb
P127N,0.4421,Amb
P127Q,0.1906,LBen
P127R,0.1809,LBen
P127S,0.1491,LBen
P127T,0.1272,LBen
P127V,0.2432,LBen
P127W,0.637,LPath
P127Y,0.48,Amb
